tag	Case	Number	Gender	Person	PronType
.NSM	Nom	Sing	Masc		Dem
.NSM	Nom	Sing	Masc		Rel
.NSM	Nom	Sing	Masc		Int
.NSM	Nom	Sing	Masc		Ind
.NSF	Nom	Sing	Fem		Dem
.NSF	Nom	Sing	Fem		Rel
.NSN	Nom	Sing	Neut		Dem
.NSN	Nom	Sing	Neut		Rel
.NSN	Nom	Sing	Neut		Int
.NSN	Nom	Sing	Neut		Ind
.NPM	Nom	Plur	Masc		Dem
.NPM	Nom	Plur	Masc		Rel
.NPM	Nom	Plur	Masc		Int
.NPM	Nom	Plur	Masc		Ind
.NPF	Nom	Plur	Fem		Dem
.NPF	Nom	Plur	Fem		Rel
.NPN	Nom	Plur	Neut		Dem
.NPN	Nom	Plur	Neut		Rel
.NPN	Nom	Plur	Neut		Int
.NPN	Nom	Plur	Neut		Ind
.NDM	Nom	Dual	Masc		Dem
.NDM	Nom	Dual	Masc		Rel
.NDF	Nom	Dual	Fem		Dem
.NDF	Nom	Dual	Fem		Rel
.NDN	Nom	Dual	Neut		Dem
.NDN	Nom	Dual	Neut		Rel
.GSM	Gen	Sing	Masc		Dem
.GSM	Gen	Sing	Masc		Rel
.GSM	Gen	Sing	Masc		Int
.GSM	Gen	Sing	Masc		Ind
.GSF	Gen	Sing	Fem		Dem
.GSF	Gen	Sing	Fem		Rel
.GSN	Gen	Sing	Neut		Dem
.GSN	Gen	Sing	Neut		Rel
.GSN	Gen	Sing	Neut		Int
.GSN	Gen	Sing	Neut		Ind
.GPM	Gen	Plur	Masc		Dem
.GPM	Gen	Plur	Masc		Rel
.GPM	Gen	Plur	Masc		Int
.GPM	Gen	Plur	Masc		Ind
.GPM	Gen	Plur	Masc		Rcp
.GPF	Gen	Plur	Fem		Dem
.GPF	Gen	Plur	Fem		Rel
.GPF	Gen	Plur	Fem		Rcp
.GPN	Gen	Plur	Neut		Dem
.GPN	Gen	Plur	Neut		Rel
.GPN	Gen	Plur	Neut		Int
.GPN	Gen	Plur	Neut		Ind
.GPN	Gen	Plur	Neut		Rcp
.GDM	Gen	Dual	Masc		Dem
.GDM	Gen	Dual	Masc		Rel
.GDM	Gen	Dual	Masc		Rcp
.GDF	Gen	Dual	Fem		Dem
.GDF	Gen	Dual	Fem		Rel
.GDF	Gen	Dual	Fem		Rcp
.GDN	Gen	Dual	Neut		Dem
.GDN	Gen	Dual	Neut		Rel
.GDN	Gen	Dual	Neut		Rcp
.DSM	Dat	Sing	Masc		Dem
.DSM	Dat	Sing	Masc		Rel
.DSM	Dat	Sing	Masc		Int
.DSM	Dat	Sing	Masc		Ind
.DSF	Dat	Sing	Fem		Dem
.DSF	Dat	Sing	Fem		Rel
.DSN	Dat	Sing	Neut		Dem
.DSN	Dat	Sing	Neut		Rel
.DSN	Dat	Sing	Neut		Int
.DSN	Dat	Sing	Neut		Ind
.DPM	Dat	Plur	Masc		Dem
.DPM	Dat	Plur	Masc		Rel
.DPM	Dat	Plur	Masc		Int
.DPM	Dat	Plur	Masc		Ind
.DPM	Dat	Plur	Masc		Rcp
.DPF	Dat	Plur	Fem		Dem
.DPF	Dat	Plur	Fem		Rel
.DPF	Dat	Plur	Fem		Rcp
.DPN	Dat	Plur	Neut		Dem
.DPN	Dat	Plur	Neut		Rel
.DPN	Dat	Plur	Neut		Int
.DPN	Dat	Plur	Neut		Ind
.DPN	Dat	Plur	Neut		Rcp
.DDM	Dat	Dual	Masc		Dem
.DDM	Dat	Dual	Masc		Rel
.DDM	Dat	Dual	Masc		Rcp
.DDF	Dat	Dual	Fem		Dem
.DDF	Dat	Dual	Fem		Rel
.DDF	Dat	Dual	Fem		Rcp
.DDN	Dat	Dual	Neut		Dem
.DDN	Dat	Dual	Neut		Rel
.DDN	Dat	Dual	Neut		Rcp
.ASM	Acc	Sing	Masc		Dem
.ASM	Acc	Sing	Masc		Rel
.ASM	Acc	Sing	Masc		Int
.ASM	Acc	Sing	Masc		Ind
.ASF	Acc	Sing	Fem		Dem
.ASF	Acc	Sing	Fem		Rel
.ASN	Acc	Sing	Neut		Dem
.ASN	Acc	Sing	Neut		Rel
.ASN	Acc	Sing	Neut		Int
.ASN	Acc	Sing	Neut		Ind
.APM	Acc	Plur	Masc		Dem
.APM	Acc	Plur	Masc		Rel
.APM	Acc	Plur	Masc		Int
.APM	Acc	Plur	Masc		Ind
.APM	Acc	Plur	Masc		Rcp
.APF	Acc	Plur	Fem		Dem
.APF	Acc	Plur	Fem		Rel
.APF	Acc	Plur	Fem		Rcp
.APN	Acc	Plur	Neut		Dem
.APN	Acc	Plur	Neut		Rel
.APN	Acc	Plur	Neut		Int
.APN	Acc	Plur	Neut		Ind
.APN	Acc	Plur	Neut		Rcp
.ADM	Acc	Dual	Masc		Dem
.ADM	Acc	Dual	Masc		Rel
.ADM	Acc	Dual	Masc		Rcp
.ADF	Acc	Dual	Fem		Dem
.ADF	Acc	Dual	Fem		Rel
.ADF	Acc	Dual	Fem		Rcp
.ADN	Acc	Dual	Neut		Dem
.ADN	Acc	Dual	Neut		Rel
.ADN	Acc	Dual	Neut		Rcp
.NS1	Nom	Sing		1	Prs
.NS2	Nom	Sing		2	Prs
.NP1	Nom	Plur		1	Prs
.NP2	Nom	Plur		2	Prs
.ND1	Nom	Dual		1	Prs
.ND2	Nom	Dual		2	Prs
.GS1	Gen	Sing		1	Prs
.GS2	Gen	Sing		2	Prs
.GP1	Gen	Plur		1	Prs
.GP2	Gen	Plur		2	Prs
.GD1	Gen	Dual		1	Prs
.GD2	Gen	Dual		2	Prs
.DS1	Dat	Sing		1	Prs
.DS2	Dat	Sing		2	Prs
.DP1	Dat	Plur		1	Prs
.DP2	Dat	Plur		2	Prs
.DD1	Dat	Dual		1	Prs
.DD2	Dat	Dual		2	Prs
.AS1	Acc	Sing		1	Prs
.AS2	Acc	Sing		2	Prs
.AP1	Acc	Plur		1	Prs
.AP2	Acc	Plur		2	Prs
.AD1	Acc	Dual		1	Prs
.AD2	Acc	Dual		2	Prs
